{"cameraMode":{"drawMode":0,"name":"Shaded","section":"Shading Mode"},"sceneLighting":true,"audioPlay":false,"sceneViewState":{"m_AlwaysRefresh":false,"showFog":true,"showSkybox":true,"showFlares":true,"showImageEffects":true,"showParticleSystems":true,"showVisualEffectGraphs":true,"m_FxEnabled":true},"in2DMode":false,"pivot":{"x":1023.8754272460938,"y":459.83709716796877,"z":-50.08599853515625},"rotation":{"x":0.0011902268743142486,"y":-0.011402633972465992,"z":-0.000013621486687043216,"w":-0.9999324679374695},"size":694.2740478515625,"orthographic":false}