{"cameraMode":{"drawMode":0,"name":"Shaded","section":"Shading Mode"},"sceneLighting":false,"audioPlay":false,"sceneViewState":{"m_AlwaysRefresh":false,"showFog":true,"showSkybox":false,"showFlares":true,"showImageEffects":true,"showParticleSystems":true,"showVisualEffectGraphs":true,"m_FxEnabled":true},"in2DMode":false,"pivot":{"x":1212.317138671875,"y":698.2717895507813,"z":-5.65087890625},"rotation":{"x":0.0011902268743142486,"y":-0.011402633972465992,"z":-0.000013621486687043216,"w":-0.9999324679374695},"size":522.2793579101563,"orthographic":false}